rank_nb2,rank_nb1,cid,smi_rdkit,inchikey,iupac,mw,logp,tpsa,n_hbd,n_hba,n_rotb,n_rings,n_aldehyde,n_ketone,n_electrophile,n_carbonyl,n_fluorine,n_alpha_h,qed,category,ani_energy,elec_proxy,method,conformer_ok,nb2_score
1,86,70620,O=CCCCCC=O,UMHJEEQLYBKSAN-UHFFFAOYSA-N,hexanedial,114.144,0.9446,34.14,0,2,5,0,2,2,2,2,0,2,0.3935377816640176,Dialdehyde (aliphatic),-384.9850769042969,11.949040527901596,ani2x_gasteiger,True,84.45521407344265
2,96,3485,O=CCCCC=O,SXRSQZLOMIGNAQ-UHFFFAOYSA-N,pentanedial,100.117,0.5545,34.14,0,2,4,0,2,2,2,2,0,2,0.381710195438469,Dialdehyde (aliphatic),-345.6828918457031,11.950354805501647,ani2x_gasteiger,True,84.44965464130351
3,18,80473,CC(CC=O)CC=O,LUNMJPAJHJAGIS-UHFFFAOYSA-N,3-methylpentanedial,114.144,0.8005,34.14,0,2,4,0,2,2,2,2,0,2,0.506437220672798,Dialdehyde (aliphatic),-384.986083984375,11.97695941943441,ani2x_gasteiger,True,84.33711635735091
4,121,12524,O=CCCC=O,PCSMJKASWLYICJ-UHFFFAOYSA-N,butanedial,86.08999999999999,0.1644,34.14,0,2,3,0,2,2,2,2,0,2,0.3620014734523953,Dialdehyde (aliphatic),-306.37640380859375,11.991937563259206,ani2x_gasteiger,True,84.27375837714874
5,140,87944034,O=CCCC#CCCC=O,IUTVZUMLXFEOHR-UHFFFAOYSA-N,oct-4-ynedial,138.16599999999997,0.948,34.14,0,2,4,0,2,2,2,2,0,2,0.3290273917173541,Dialdehyde (aliphatic),-461.11273193359375,12.044015271982671,ani2x_gasteiger,True,84.0534681678364
6,3,22174207,O=CCCC(C=O)CC=O,BWBDIVJHFOSTOD-UHFFFAOYSA-N,"butane-1,2,4-tricarbaldehyde",142.15399999999997,0.3695999999999999,51.21,0,3,6,0,3,3,3,3,0,2,0.5032547254129797,Dialdehyde (aliphatic),-498.2797546386719,12.090833424716564,ani2x_gasteiger,True,83.85542603199413
7,20,101171,CC(C=O)CCC=O,IQKPRZPVTQHVOY-UHFFFAOYSA-N,2-methylpentanedial,114.14399999999998,0.8005,34.14,0,2,4,0,2,2,2,2,0,1,0.5064372206727978,Dialdehyde (aliphatic),-384.98779296875,12.090960225048272,ani2x_gasteiger,True,83.85488966293532
8,7,20446369,O=CCC(C=O)CC=O,MGMZJMPWJVWBCE-UHFFFAOYSA-N,"propane-1,2,3-tricarbaldehyde",128.12699999999998,-0.0204999999999999,51.21,0,3,5,0,3,3,3,3,0,2,0.4887200061220095,Dialdehyde (aliphatic),-458.9683837890625,12.128473917357812,ani2x_gasteiger,True,83.69620566293776
9,28,10996971,CC(C=O)CC=O,BQPPGEDHWKAEDR-UHFFFAOYSA-N,2-methylbutanedial,100.117,0.4104,34.14,0,2,3,0,2,2,2,2,0,1,0.4812074437046236,Dialdehyde (aliphatic),-345.68109130859375,12.14549011726832,ani2x_gasteiger,True,83.62422664673542
10,19,91427,CCC(C=O)CC=O,FYQMMABWOLQJEQ-UHFFFAOYSA-N,2-ethylbutanedial,114.14399999999998,0.8005,34.14,0,2,4,0,2,2,2,2,0,1,0.5064372206727978,Dialdehyde (aliphatic),-384.9876403808594,12.159315893961333,ani2x_gasteiger,True,83.56574321272373
11,97,13643743,O=CCCOCCC=O,LMGSCHASJBBXBN-UHFFFAOYSA-N,3-(3-oxopropoxy)propanal,130.14299999999997,0.181,43.370000000000005,0,3,6,0,2,2,2,2,0,2,0.3802768828111005,Dialdehyde (aliphatic),-460.16839599609375,12.178697033286852,ani2x_gasteiger,True,83.48376043461417
12,22,15575778,O=CCC(O)CC=O,UIVALZXFWDRKKE-UHFFFAOYSA-N,3-hydroxypentanedial,116.116,-0.4747,54.370000000000005,1,3,4,0,2,2,2,2,0,2,0.5047967384041225,Dialdehyde (aliphatic),-420.87603759765625,12.208067428861538,ani2x_gasteiger,True,83.3595228145781
13,10,12484446,CCOC(CC=O)CC=O,RMDVUYYLNKBTNC-UHFFFAOYSA-N,3-ethoxypentanedial,144.17,0.5695000000000001,43.370000000000005,0,3,6,0,2,2,2,2,0,2,0.5116979654233935,Dialdehyde (aliphatic),-499.4860534667969,12.209060128734132,ani2x_gasteiger,True,83.35532366549728
14,15,21190979,CC(C)(C=O)CC=O,FAPGBNMXFSUCGA-UHFFFAOYSA-N,"2,2-dimethylbutanedial",114.14399999999998,0.8005,34.14,0,2,3,0,2,2,2,2,0,1,0.5084091858692685,Dialdehyde (aliphatic),-384.991455078125,12.29864499103367,ani2x_gasteiger,True,82.97637711521844
15,36,129809271,O=C[C@@H]1C[C@H]1C=O,GWFLUFSOUNEMFG-WHFBIAKZSA-N,"trans-(1R,2R)-cyclopropane-1,2-dicarbaldehyde",98.10099999999998,0.0202999999999999,34.14,0,2,2,1,2,2,2,2,0,0,0.4561175371101198,Dialdehyde (cyclic),-344.44287109375,12.330338675292955,ani2x_gasteiger,True,82.8423119170656
16,35,11434915,O=CC1CC1C=O,GWFLUFSOUNEMFG-UHFFFAOYSA-N,"cyclopropane-1,2-dicarbaldehyde",98.10099999999998,0.0202999999999999,34.14,0,2,2,1,2,2,2,2,0,0,0.4561175371101198,Dialdehyde (cyclic),-344.4493103027344,12.330338675292955,ani2x_gasteiger,True,82.8423119170656
17,2,85655730,O=CCCC(=O)CCC=O,FXJPWEZCHRHMEX-UHFFFAOYSA-N,4-oxoheptanedial,142.154,0.5137,51.21,0,3,6,0,3,4,3,3,0,2,0.5076409277947531,Dialdehyde (aliphatic),-498.29058837890625,12.437662163472451,ani2x_gasteiger,True,82.38833046790596
18,70,10953466,CC(=O)CCCC=O,UCAQDIQSNVAWBD-UHFFFAOYSA-N,5-oxohexanal,114.144,0.9446,34.14,0,2,4,0,2,3,2,2,0,1,0.4024203395303487,Dialdehyde (aliphatic),-384.9964904785156,12.442851820825863,ani2x_gasteiger,True,82.36637806768204
19,27,164702,CC(=O)CCC=O,KEHNRUNQZGRQHU-UHFFFAOYSA-N,4-oxopentanal,100.117,0.5545,34.14,0,2,3,0,2,3,2,2,0,1,0.4852877970057935,Dialdehyde (aliphatic),-345.6943359375,12.48495166182839,ani2x_gasteiger,True,82.18829452649344
20,159,9543142,O=CCC(=O)[O-],OAKURXIZZOAYBC-UHFFFAOYSA-M,3-oxopropanoate,87.05399999999999,-1.6747000000000003,57.2,0,3,2,0,2,2,2,2,0,1,0.2984999053245586,Dialdehyde (aliphatic),-341.6850891113281,8.677538406164592,ani2x_gasteiger,True,81.70623763346575
21,13,5323605,CCC(=O)CCC=O,KKOFYQBBUSZDKJ-UHFFFAOYSA-N,4-oxohexanal,114.144,0.9446,34.14,0,2,4,0,2,3,2,2,0,1,0.5096332580707023,Dialdehyde (aliphatic),-385.0020446777344,12.624784703292475,ani2x_gasteiger,True,81.59679672968224
22,54,18008592,O=CCCC(C=O)C=O,KUAPETJWSCRJET-UHFFFAOYSA-N,"propane-1,1,3-tricarbaldehyde",128.12699999999998,-0.0204999999999999,51.21,0,3,5,0,3,3,3,3,0,1,0.3859066646149076,Dialdehyde (aliphatic),-458.9733581542969,12.62847490750851,ani2x_gasteiger,True,81.58118705945898
23,14,13699910,CC(=O)C[C@H](C)C=O,IDAHIBMEKOEBRG-YFKPBYRVSA-N,(2S)-2-methyl-4-oxopentanal,114.14399999999998,0.8005,34.14,0,2,3,0,2,3,2,2,0,0,0.5084091858692685,Dialdehyde (aliphatic),-385.0024108886719,12.638488990294869,ani2x_gasteiger,True,81.53882720056441
24,16,13699909,CC(=O)CC(C)C=O,IDAHIBMEKOEBRG-UHFFFAOYSA-N,2-methyl-4-oxopentanal,114.14399999999998,0.8005,34.14,0,2,3,0,2,3,2,2,0,0,0.5084091858692685,Dialdehyde (aliphatic),-385.00201416015625,12.638488990294869,ani2x_gasteiger,True,81.53882720056441
25,137,10964,O=CCC=O,WSMYVTOQOOLQHP-UHFFFAOYSA-N,propanedial,72.063,-0.2257,34.14,0,2,2,0,2,2,2,2,0,2,0.3334174366235999,Dialdehyde (aliphatic),-267.0718688964844,12.655773787125991,ani2x_gasteiger,True,81.46571201164417
26,69,22352755,O=CCC(C=O)C=O,QGPGKCTWMYIIPB-UHFFFAOYSA-N,"ethane-1,1,2-tricarbaldehyde",114.09999999999998,-0.4106000000000001,51.21,0,3,4,0,3,3,3,3,0,1,0.3684598706946406,Dialdehyde (aliphatic),-419.6651611328125,12.69375720847905,ani2x_gasteiger,True,81.30504104425013
27,61,89298719,O=CCC(C=O)P=O,CUAUSIRCMSTUPU-UHFFFAOYSA-N,2-phosphorosobutanedial,132.055,0.4345999999999999,51.21,0,3,4,0,2,2,2,2,0,1,0.4114243606985592,Dialdehyde (aliphatic),,12.774984189827912,gasteiger,True,80.96144857135226
28,57,22743515,O=CCCC(Cl)C=O,KHLSIPLPTLBNGM-UHFFFAOYSA-N,2-chloropentanedial,134.562,0.7718,34.14,0,2,4,0,2,2,2,2,0,1,0.4205773221706922,Dialdehyde (aliphatic),-805.2637939453125,12.844841199863449,ani2x_gasteiger,True,80.66595140490858
29,48,18538325,O=CCCC(=O)CC=O,PAXFMQWEAJBIJB-UHFFFAOYSA-N,3-oxohexanedial,128.12699999999998,0.1235999999999999,51.21,0,3,5,0,3,4,3,3,0,2,0.3901349937557007,Dialdehyde (aliphatic),-458.9841003417969,12.889071579612121,ani2x_gasteiger,True,80.47885562339988
30,127,98735,CC(C=O)C=O,VXYSFSCCSQAYJV-UHFFFAOYSA-N,2-methylpropanedial,86.08999999999999,0.0202999999999999,34.14,0,2,2,0,2,2,2,2,0,0,0.3504347409530757,Dialdehyde (aliphatic),-306.3772888183594,12.936866684195472,ani2x_gasteiger,True,80.27668095306865
31,98,19933060,CCC(C=O)C=O,KJOIYGNLIYOKAT-UHFFFAOYSA-N,2-ethylpropanedial,100.117,0.4104,34.14,0,2,3,0,2,2,2,2,0,0,0.3799745401491845,Dialdehyde (aliphatic),-345.68157958984375,12.963884503855756,ani2x_gasteiger,True,80.1623947969758
32,1,8035,CC(=O)CCC(C)=O,OJVAMHKKJGICOG-UHFFFAOYSA-N,"hexane-2,5-dione",114.144,0.9446,34.14,0,2,3,0,2,4,2,2,0,0,0.5469153902097886,Dialdehyde (aliphatic),-385.0144348144531,12.977965798066743,ani2x_gasteiger,True,80.10283051649645
33,81,20253250,CC(C)C(C=O)C=O,OLYHYJGOOMMTIH-UHFFFAOYSA-N,2-propan-2-ylpropanedial,114.14399999999998,0.6564,34.14,0,2,3,0,2,2,2,2,0,0,0.3986290825432549,Dialdehyde (aliphatic),-384.98883056640625,12.99101202985069,ani2x_gasteiger,True,80.04764457992455
34,89,13163928,O=CC(C=O)C1CC1,VBCCGADSHYLTSF-UHFFFAOYSA-N,2-cyclopropylpropanedial,112.128,0.4104,34.14,0,2,3,1,2,2,2,2,0,0,0.3911644564281965,Dialdehyde (cyclic),-383.7491455078125,12.993162012631032,ani2x_gasteiger,True,80.03855009077921
35,124,4686860,CC(=O)CC=O,PKQIDSVLSKFZQC-UHFFFAOYSA-N,3-oxobutanal,86.08999999999999,0.1644,34.14,0,2,2,0,2,3,2,2,0,1,0.3541944918606196,Dialdehyde (aliphatic),-306.38861083984375,13.161508495738234,ani2x_gasteiger,True,79.32643961376867
36,58,9543238,O=CCCC(=O)[O-],UIUJIQZEACWQSV-UHFFFAOYSA-M,4-oxobutanoate,101.081,-1.2846000000000002,57.2,0,3,3,0,2,2,2,2,0,1,0.4156707225783945,Dialdehyde (aliphatic),-380.9974060058594,8.083837782523162,ani2x_gasteiger,True,79.1948668789396
37,109,136920,CC(C)(C=O)C=O,WNBFTLCNQKKVHC-UHFFFAOYSA-N,"2,2-dimethylpropanedial",100.117,0.4104,34.14,0,2,2,0,2,2,2,2,0,0,0.3717799485305452,Dialdehyde (aliphatic),-345.685791015625,13.216992462384312,ani2x_gasteiger,True,79.09174083524049
38,126,9548601,O=CCCCC(=O)[O-],VBKPPDYGFUZOAJ-UHFFFAOYSA-M,5-oxopentanoate,115.108,-0.8945000000000001,57.2,0,3,4,0,2,2,2,2,0,1,0.3523459696302018,Dialdehyde (aliphatic),-420.2965393066406,8.044976799543575,ani2x_gasteiger,True,79.03048380056505
39,112,5460210,O=CCCCCC(=O)[O-],PNPPVRALIYXJBW-UHFFFAOYSA-M,6-oxohexanoate,129.135,-0.5044,57.2,0,3,5,0,2,2,2,2,0,1,0.3709956569884555,Dialdehyde (aliphatic),-459.60516357421875,8.043711012751093,ani2x_gasteiger,True,79.02512948593994
40,91,14718277,O=CC1(C=O)CCC1,VOCPJLGSIMEWHJ-UHFFFAOYSA-N,"cyclobutane-1,1-dicarbaldehyde",112.12799999999996,0.5545,34.14,0,2,2,1,2,2,2,2,0,0,0.3859738519898568,Dialdehyde (cyclic),-383.7537841796875,13.273292141433886,ani2x_gasteiger,True,78.85359156972834
41,120,22033763,O=CC1(C=O)CC1,LLYSBMNJRGHFBT-UHFFFAOYSA-N,"cyclopropane-1,1-dicarbaldehyde",98.10099999999998,0.1644,34.14,0,2,2,1,2,2,2,2,0,0,0.3640269868397684,Dialdehyde (cyclic),-344.4410705566406,13.273452709246586,ani2x_gasteiger,True,78.85291236325142
42,94,12179,CCC(=O)CC=O,ZNNXJRURXWWGLN-UHFFFAOYSA-N,3-oxopentanal,100.117,0.5545,34.14,0,2,3,0,2,3,2,2,0,1,0.3831964985572301,Dialdehyde (aliphatic),-345.6918029785156,13.301869397436118,ani2x_gasteiger,True,78.73270895295016
43,71,15110004,CCCC(=O)CC=O,PVLKSJIUOKAUMV-UHFFFAOYSA-N,3-oxohexanal,114.14399999999998,0.9446,34.14,0,2,4,0,2,3,2,2,0,1,0.4024203395303486,Dialdehyde (aliphatic),-384.9962158203125,13.315101527932022,ani2x_gasteiger,True,78.67673665946718
44,62,15009279,O=CCC(=O)CC=O,SSMCSEDSANTCBB-UHFFFAOYSA-N,3-oxopentanedial,114.09999999999998,-0.2664999999999999,51.21,0,3,4,0,3,4,3,3,0,2,0.3732312969786292,Dialdehyde (aliphatic),-419.6756896972656,13.341412780429007,ani2x_gasteiger,True,78.56543930284559
45,23,88107892,O=CCC(F)CC=O,MGNIAEGARXOYBA-UHFFFAOYSA-N,3-fluoropentanedial,118.107,0.5025000000000001,34.14,0,2,4,0,2,2,2,2,1,2,0.5036030870972553,Fluoro-dialdehyde,-444.8971252441406,12.240005523180988,ani2x_gasteiger,True,78.22442375482437
46,74,14786268,CC(C)C(=O)CC=O,ZJCLDUPTGISKMK-UHFFFAOYSA-N,4-methyl-3-oxopentanal,114.14399999999998,0.8005,34.14,0,2,3,0,2,3,2,2,0,1,0.4014537786885869,Dialdehyde (aliphatic),-384.99822998046875,13.441801078223712,ani2x_gasteiger,True,78.14079390895674
47,108,11051586,CC(=O)C(C)C=O,KNTLTMLEQPLVDA-UHFFFAOYSA-N,2-methyl-3-oxobutanal,100.117,0.4104,34.14,0,2,2,0,2,3,2,2,0,0,0.3717799485305452,Dialdehyde (aliphatic),-345.6943359375,13.44198744950093,ani2x_gasteiger,True,78.14000555308097
48,177,3614358,O=CC(=O)[O-],HHLFWLYXYJOTON-UHFFFAOYSA-M,oxaldehydate,73.027,-2.0648,57.2,0,3,1,0,2,0,2,2,0,0,0.2645719777806332,Dialdehyde (aliphatic),-302.36358642578125,13.457565097461394,ani2x_gasteiger,True,78.0741116531011
49,41,53833011,O=CCC(C=O)(C=O)C=O,GDUBISTZWFLBIB-UHFFFAOYSA-N,"ethane-1,1,1,2-tetracarbaldehyde",142.10999999999996,-0.8415000000000001,68.28,0,4,5,0,4,4,4,4,0,1,0.3703973465999534,Dialdehyde (aliphatic),-532.9541015625,13.56212443214471,ani2x_gasteiger,True,77.63182265292147
50,77,12712037,CCC(=O)C(C)C=O,HFHZCESKBNQESK-UHFFFAOYSA-N,2-methyl-3-oxopentanal,114.14399999999998,0.8005,34.14,0,2,3,0,2,3,2,2,0,0,0.4014537786885869,Dialdehyde (aliphatic),-384.9985046386719,13.582319866141484,ani2x_gasteiger,True,77.5463953848762
51,29,31261,CC(=O)CC(C)=O,YRKCREAYFQTBPV-UHFFFAOYSA-N,"pentane-2,4-dione",100.117,0.5545,34.14,0,2,2,0,2,4,2,2,0,0,0.4748220028701909,Dialdehyde (aliphatic),-345.7064208984375,13.667206881632406,ani2x_gasteiger,True,77.1873208620378
52,43,21347800,CC(=O)CC(=O)CC=O,NVBJELVUQIDITN-UHFFFAOYSA-N,"3,5-dioxohexanal",128.12699999999998,0.1235999999999999,51.21,0,3,4,0,3,5,3,3,0,1,0.3989407471526497,Dialdehyde (aliphatic),-458.9915466308594,13.678550137969225,ani2x_gasteiger,True,77.13933856070442
53,95,551778,O=CC(C=O)C=O,WRWNFZAKUHZONV-UHFFFAOYSA-N,methanetricarbaldehyde,100.073,-0.8007000000000002,51.21,0,3,3,0,3,3,3,3,0,0,0.3443191852222527,Dialdehyde (aliphatic),-380.3600769042969,13.682987445920558,ani2x_gasteiger,True,77.12056862014168
54,87,11768544,CC(=O)C(C)(C)C=O,HOOWKSPRVCRTJK-UHFFFAOYSA-N,"2,2-dimethyl-3-oxobutanal",114.14399999999998,0.8005,34.14,0,2,2,0,2,3,2,2,0,0,0.3927959623811548,Dialdehyde (aliphatic),-385.0007019042969,13.721494690904084,ani2x_gasteiger,True,76.9576818636888
55,145,88415844,O=CC1CC1=O,AMOUPTGLIZFKLR-UHFFFAOYSA-N,2-oxocyclopropane-1-carbaldehyde,84.07399999999998,-0.2257,34.14,0,2,1,1,2,3,2,2,0,0,0.3247311662796263,Dialdehyde (cyclic),-305.1453552246094,13.727050163180948,ani2x_gasteiger,True,76.93418205579215
56,37,129657749,CCC(=O)CC(=O)CC=O,NSANIYIDZABQES-UHFFFAOYSA-N,"3,5-dioxoheptanal",142.154,0.5137,51.21,0,3,5,0,3,5,3,3,0,1,0.4149035132237414,Dialdehyde (aliphatic),-498.29534912109375,13.772123614552184,ani2x_gasteiger,True,76.74352005701405
57,11,76355,CCC(=O)CC(C)=O,NDOGLIPWGGRQCO-UHFFFAOYSA-N,"hexane-2,4-dione",114.144,0.9446,34.14,0,2,3,0,2,4,2,2,0,0,0.511617667997256,Dialdehyde (aliphatic),-385.01068115234375,13.80756693739259,ani2x_gasteiger,True,76.59359377956015
58,162,18364295,O=CC(S)C=O,DSNGMTQJPGQEEJ-UHFFFAOYSA-N,2-sulfanylpropanedial,104.13,-0.3173999999999999,34.14,1,3,2,0,2,2,2,2,0,0,0.2958442271745216,Dialdehyde (aliphatic),-665.2362060546875,13.937503487093162,ani2x_gasteiger,True,76.04395842822669
59,66,19705594,CC(C=O)(C=O)C=O,IJRGNHJKRWYCQD-UHFFFAOYSA-N,"ethane-1,1,1-tricarbaldehyde",114.09999999999998,-0.4106000000000001,51.21,0,3,3,0,3,3,3,3,0,0,0.369894579700311,Dialdehyde (aliphatic),-419.6653747558594,13.963895131126522,ani2x_gasteiger,True,75.93232101308853
60,46,21867985,CCC(C=O)(C=O)C=O,VBDFBUCXFMOPMW-UHFFFAOYSA-N,"propane-1,1,1-tricarbaldehyde",128.12699999999998,-0.0204999999999999,51.21,0,3,4,0,3,3,3,3,0,0,0.3946169802165014,Dialdehyde (aliphatic),-458.970458984375,13.991429332873976,ani2x_gasteiger,True,75.81585054587956
61,39,20505731,CCCC(C=O)(C=O)C=O,LWGYEWGUWGFLAZ-UHFFFAOYSA-N,"butane-1,1,1-tricarbaldehyde",142.15399999999997,0.3695999999999999,51.21,0,3,5,0,3,3,3,3,0,0,0.4113185958574176,Dialdehyde (aliphatic),-498.27490234375,13.99250669301314,ani2x_gasteiger,True,75.81129328143035
62,67,21265496,CC(=O)C(C=O)C=O,OKFAIMCETXZHTR-UHFFFAOYSA-N,2-acetylpropanedial,114.09999999999998,-0.4106000000000001,51.21,0,3,3,0,3,4,3,3,0,0,0.369894579700311,Dialdehyde (aliphatic),-419.67706298828125,14.028885677300917,ani2x_gasteiger,True,75.65740912907873
63,161,22075560,O=CC(C=O)CC(C=O)C=O,ILCCJWVCVFQXJR-UHFFFAOYSA-N,"propane-1,1,3,3-tetracarbaldehyde",156.13699999999997,-0.5955000000000001,68.28,0,4,6,0,4,4,4,4,0,0,0.3802591877726369,Dialdehyde (aliphatic),-572.2576904296875,12.968809865010812,ani2x_gasteiger,True,75.64156037729066
64,179,20573951,O=CC(C=O)SS,FYAYOJTZEWVKPG-UHFFFAOYSA-N,2-(disulfanyl)propanedial,136.19700000000003,0.3308,34.14,1,4,3,0,2,2,2,2,0,0,0.2626313583822451,Dialdehyde (aliphatic),-1063.3560791015625,14.051816615156977,ani2x_gasteiger,True,75.56041060084348
65,68,3593277,CCC(=O)C(=O)[O-],TYEYBOSBBBHJIV-UHFFFAOYSA-M,2-oxobutanoate,101.081,-1.2846,57.2,0,3,2,0,2,1,2,2,0,0,0.406706301388445,Dialdehyde (aliphatic),-380.99560546875,14.249404388328973,ani2x_gasteiger,True,74.72460862382587
66,170,147646,O=CC(Cl)C=O,KTRZQCIGJUWSGE-UHFFFAOYSA-N,2-chloropropanedial,106.508,-0.0083999999999999,34.14,0,2,2,0,2,2,2,2,0,0,0.2819719532869355,Dialdehyde (aliphatic),-726.6452026367188,14.45696359767592,ani2x_gasteiger,True,73.84662718430947
67,82,151833654,O=CCC(=O)CCF,SFEUVZGLLDEZHV-UHFFFAOYSA-N,5-fluoro-3-oxopentanal,118.10699999999996,0.5041,34.14,0,2,4,0,2,3,2,2,1,1,0.3976955057999792,Fluoro-dialdehyde,-444.9004821777344,13.445756129037074,ani2x_gasteiger,True,73.1240639299912
68,160,133084038,O=CCC(=O)C=P,XDCOWFFFABFLNA-UHFFFAOYSA-N,3-oxo-4-phosphanylidenebutanal,116.05599999999998,0.0894999999999999,34.14,0,2,3,0,2,2,2,2,0,1,0.2972348650142214,Dialdehyde (aliphatic),,14.671115945145354,gasteiger,True,72.94075658045328
69,92,27357,O=C1CC(=O)C1,PZQGSZRQKQZCOJ-UHFFFAOYSA-N,"cyclobutane-1,3-dione",84.074,-0.0816,34.14,0,2,0,1,2,4,2,2,0,0,0.3844924934297086,Dialdehyde (cyclic),-305.1636657714844,14.71264958766466,ani2x_gasteiger,True,72.76506807517234
70,49,20149005,O=CC(C=O)(C=O)C=O,SLSCQBWTJWXIDO-UHFFFAOYSA-N,methanetetracarbaldehyde,128.08299999999997,-1.2316000000000005,68.28,0,4,4,0,4,4,4,4,0,0,0.3508124648423263,Dialdehyde (aliphatic),-493.6429138183594,14.721392598175182,ani2x_gasteiger,True,72.72808488864986
71,158,148547216,O=CCC(=O)CC(=O)CC=O,UTSUXDVXTMSRME-UHFFFAOYSA-N,"3,5-dioxoheptanedial",156.137,-0.3073000000000001,68.28,0,4,6,0,4,6,4,4,0,2,0.3905407235633443,Dialdehyde (aliphatic),-572.2784423828125,13.684222020879384,ani2x_gasteiger,True,72.61534633247277
72,5,88107591,O=CCC(F)(F)CC=O,NHGCSHZAUNOUMF-UHFFFAOYSA-N,"3,3-difluoropentanedial",136.09699999999998,0.7997000000000001,34.14,0,2,4,0,2,2,2,2,2,2,0.5354396903671274,Fluoro-dialdehyde,-544.1236572265625,12.549965083281378,ani2x_gasteiger,True,71.91328587939569
73,189,20303419,O=CC(I)C=O,CTDBHYCWOSCODO-UHFFFAOYSA-N,2-iodopropanedial,197.959,0.1878,34.14,0,2,2,0,2,2,2,2,0,0,0.2743750817312544,Dialdehyde (aliphatic),,13.948401496397825,gasteiger,True,71.49785953467591
74,110,54556568,O=CC1C(=O)CC1=O,KUDQAKZEXFDYGO-UHFFFAOYSA-N,"2,4-dioxocyclobutane-1-carbaldehyde",112.084,-0.6566000000000001,51.21,0,3,1,1,3,5,3,3,0,0,0.334075944776561,Dialdehyde (cyclic),-418.4483642578125,15.075192842186121,ani2x_gasteiger,True,71.23149965634275
75,186,74945,O=CC(Br)C=O,SURMYNZXHKLDFO-UHFFFAOYSA-N,2-bromopropanedial,150.959,0.1477,34.14,0,2,2,0,2,2,2,2,0,0,0.3194016135450022,Dialdehyde (aliphatic),,14.03042117131137,gasteiger,True,71.15091394514589
76,12,53648154,CC(=O)COC(C)C=O,AKUJDKOSSRMSGR-UHFFFAOYSA-N,2-(2-oxopropoxy)propanal,130.14299999999997,0.1793999999999997,43.370000000000005,0,3,4,0,2,3,2,2,0,0,0.509671666249089,Dialdehyde (aliphatic),-460.1838073730469,15.146077791465334,ani2x_gasteiger,True,70.93165427726261
77,135,4451502,O=CC(O)C=O,NVXLIZQNSVLKPO-UHFFFAOYSA-N,2-hydroxypropanedial,88.062,-1.2549,54.370000000000005,1,3,2,0,2,2,2,2,0,0,0.3385230778262081,Dialdehyde (aliphatic),-342.2637634277344,15.529493541473032,ani2x_gasteiger,True,69.30979460076749
78,125,21301831,COC(C=O)C=O,JBDLAPGGRNEDKV-UHFFFAOYSA-N,2-methoxypropanedial,102.089,-0.6008,43.370000000000005,0,3,3,0,2,2,2,2,0,0,0.3527264543561535,Dialdehyde (aliphatic),-381.5571594238281,15.557045067150371,ani2x_gasteiger,True,69.19325085283565
79,156,21982668,O=CCC(=O)S,UFFXANOZIQVDFC-UHFFFAOYSA-N,3-oxopropanethioic S-acid,104.12999999999998,0.0317999999999999,34.14,1,2,2,0,2,2,2,2,0,1,0.3045123699503342,Dialdehyde (aliphatic),-665.2534790039062,16.01304337775383,ani2x_gasteiger,True,67.26436485244886
80,102,59148751,O=CCC(=O)CF,ZFNHTILTQUKZED-UHFFFAOYSA-N,4-fluoro-3-oxobutanal,104.08,0.1139999999999999,34.14,0,2,3,0,2,3,2,2,1,1,0.3759940614485898,Fluoro-dialdehyde,-405.5916442871094,14.865015975448465,ani2x_gasteiger,True,67.12055386208951
81,79,147247143,CC(F)C(=O)CC=O,CLYAZXUCEQBUHA-UHFFFAOYSA-N,4-fluoro-3-oxopentanal,118.107,0.5025000000000001,34.14,0,2,3,0,2,3,2,2,1,1,0.399207155441389,Fluoro-dialdehyde,-444.90625,15.005615949303062,ani2x_gasteiger,True,66.52581191915561
82,148,12632821,O=CC(Cl)(Cl)C=O,RSMCOTLYKXKPCQ-UHFFFAOYSA-N,"2,2-dichloropropanedial",140.953,0.5581,34.14,0,2,2,0,2,2,2,2,0,0,0.3194723065440454,Dialdehyde (aliphatic),-1186.2188720703125,16.28851494395466,ani2x_gasteiger,True,66.09911218551197
83,83,123864038,CC(C=O)C(=O)CF,RHEGWTVWDLJGQE-UHFFFAOYSA-N,4-fluoro-2-methyl-3-oxobutanal,118.107,0.36,34.14,0,2,3,0,2,3,2,2,1,0,0.3957725858614363,Fluoro-dialdehyde,-444.8982849121094,15.145199265095904,ani2x_gasteiger,True,65.9353704691334
84,55,20545621,CC(=O)CC(=O)S,QPLPMPAMOJIAMN-UHFFFAOYSA-N,3-oxobutanethioic S-acid,118.157,0.4219,34.14,1,2,2,0,2,3,2,2,0,0,0.4209657556391779,Dialdehyde (aliphatic),-704.5697631835938,16.518745447105353,ani2x_gasteiger,True,65.1252305195872
85,21,422853,CC(=O)CC(=O)CF,CVZIHXRHSDYALS-UHFFFAOYSA-N,"1-fluoropentane-2,4-dione",118.107,0.5041,34.14,0,2,3,0,2,4,2,2,1,0,0.5056107439495612,Fluoro-dialdehyde,-444.9099426269531,15.370704296907745,ani2x_gasteiger,True,64.9814776832084
86,63,22501478,O=CCCC(=O)C=O,VUSMENNBCBGZQI-UHFFFAOYSA-N,2-oxopentanedial,114.09999999999998,-0.2664999999999999,51.21,0,3,4,0,3,2,3,3,0,1,0.3732312969786292,Dialdehyde (aliphatic),-419.67144775390625,16.6754315627701,ani2x_gasteiger,True,64.46244373302926
87,185,20144580,C#CC(=O)CC=O,WJGOFAAQNVZMIP-UHFFFAOYSA-N,3-oxopent-4-ynal,96.085,-0.2222999999999999,34.14,0,2,2,0,2,2,2,2,0,1,0.2059338586682534,Dialdehyde (aliphatic),-343.1915283203125,16.98397881300963,ani2x_gasteiger,True,63.157279969029226
88,44,118437747,CC(=O)CCC(=O)C=O,YEJDUVJLIVLCFZ-UHFFFAOYSA-N,"2,5-dioxohexanal",128.12699999999998,0.1235999999999999,51.21,0,3,4,0,3,3,3,3,0,0,0.3989407471526497,Dialdehyde (aliphatic),-458.9890441894531,17.004115148921457,ani2x_gasteiger,True,63.072102687587105
89,152,19784777,O=CCC(=O)C=O,OWIMZZMOFXSCLT-UHFFFAOYSA-N,2-oxobutanedial,100.07299999999998,-0.6566000000000001,51.21,0,3,3,0,3,2,3,3,0,1,0.2686269234565905,Dialdehyde (aliphatic),-380.36297607421875,17.15758174266583,ani2x_gasteiger,True,62.422934571571886
90,104,152509291,O=CCC(C=O)C(F)(F)F,YFDKCQSZTUVFRH-UHFFFAOYSA-N,2-(trifluoromethyl)butanedial,154.087,0.9528,34.14,0,2,3,0,2,2,2,2,3,1,0.5669371055885045,Fluoro-dialdehyde,-643.3541870117188,12.63141089983732,ani2x_gasteiger,True,62.068767727262795
91,131,20303527,O=CC(F)C=O,RWXXZBHAXXHXLC-UHFFFAOYSA-N,2-fluoropropanedial,90.05300000000001,-0.2776999999999999,34.14,0,2,2,0,2,2,2,2,1,0,0.3449943860285568,Fluoro-dialdehyde,-366.2742614746094,16.101277913723365,ani2x_gasteiger,True,61.89113022147616
92,144,20652894,CC(=O)CC(=O)C=O,XHTYNUBGBUBFOA-UHFFFAOYSA-N,"2,4-dioxopentanal",114.09999999999998,-0.2664999999999999,51.21,0,3,3,0,3,3,3,3,0,0,0.2881609177618762,Dialdehyde (aliphatic),-419.6815490722656,17.495097830415816,ani2x_gasteiger,True,60.995231789724514
93,116,12039955,CC(=O)C(F)C=O,QNOFTPXCBZCDSX-UHFFFAOYSA-N,2-fluoro-3-oxobutanal,104.08,0.1123999999999999,34.14,0,2,2,0,2,3,2,2,1,0,0.3678421946698121,Fluoro-dialdehyde,-405.5931091308594,16.601148308044944,ani2x_gasteiger,True,59.77666404211966
94,24,88404419,O=CC(F)C(F)C=O,YLPUHWUKZQWAND-UHFFFAOYSA-N,"2,3-difluorobutanedial",122.07,0.0604,34.14,0,2,3,0,2,2,2,2,2,0,0.495815665951424,Fluoro-dialdehyde,-504.790283203125,15.714497647693737,ani2x_gasteiger,True,58.5272218977438
95,17,22094685,O=CCC(F)(F)C=O,CJOVHHWWGDVBEL-UHFFFAOYSA-N,"2,2-difluorobutanedial",122.07,0.4095999999999999,34.14,0,2,3,0,2,2,2,2,2,1,0.5078092930149835,Fluoro-dialdehyde,-504.80859375,15.749244356239018,ani2x_gasteiger,True,58.38024231884182
96,25,11626652,CC(=O)C(F)C(C)=O,LELFVORHOKZNGY-UHFFFAOYSA-N,"3-fluoropentane-2,4-dione",118.107,0.5025,34.14,0,2,2,0,2,4,2,2,1,0,0.4946609424158986,Fluoro-dialdehyde,-444.9115295410156,17.100977528355894,ani2x_gasteiger,True,57.66237203001518
97,183,71361688,O=CC(O)(O)C=O,IEDXNGVLHRLZTB-UHFFFAOYSA-N,"2,2-dihydroxypropanedial",104.06099999999998,-1.9349,74.60000000000001,2,4,2,0,2,2,2,2,0,0,0.2427432439249521,Dialdehyde (aliphatic),-417.46929931640625,18.615590754097187,ani2x_gasteiger,True,56.25551441848859
98,149,880,CC(=O)C=O,AIJULSRZWUXGPQ-UHFFFAOYSA-N,2-oxopropanal,72.063,-0.2257,34.14,0,2,1,0,2,1,2,2,0,0,0.3166057628389017,Dialdehyde (aliphatic),-267.07904052734375,18.82535062680742,ani2x_gasteiger,True,55.368224109499856
99,123,145744,CCC(=O)C=O,RWHQMRRVZJSKGX-UHFFFAOYSA-N,2-oxobutanal,86.08999999999999,0.1644,34.14,0,2,2,0,2,1,2,2,0,0,0.3541944918606196,Dialdehyde (aliphatic),-306.3835754394531,18.97937009819117,ani2x_gasteiger,True,54.7167173051305
100,78,21107300,O=CCC(=O)C(F)F,JDNXWZINWVTBQI-UHFFFAOYSA-N,"4,4-difluoro-3-oxobutanal",122.07,0.4095999999999999,34.14,0,2,3,0,2,3,2,2,2,1,0.4009800869067413,Fluoro-dialdehyde,-504.81109619140625,16.619303111908867,ani2x_gasteiger,True,54.69986869836818
101,93,123249,CCCC(=O)C=O,GDTHVMAIBQVUMV-UHFFFAOYSA-N,2-oxopentanal,100.11699999999998,0.5545,34.14,0,2,3,0,2,1,2,2,0,0,0.3831964985572301,Dialdehyde (aliphatic),-345.68768310546875,18.99315670156537,ani2x_gasteiger,True,54.65839957538675
102,72,142755,CCCCC(=O)C=O,QHOSFZIXOKVGHK-UHFFFAOYSA-N,2-oxohexanal,114.14399999999998,0.9446,34.14,0,2,4,0,2,1,2,2,0,0,0.4024203395303486,Dialdehyde (aliphatic),-384.9924011230469,18.99367921191698,ani2x_gasteiger,True,54.65618934153534
103,75,167604,CC(C)CC(=O)C=O,OPIPDUFGXKXYLW-UHFFFAOYSA-N,4-methyl-2-oxopentanal,114.14399999999998,0.8005,34.14,0,2,3,0,2,1,2,2,0,0,0.4014537786885869,Dialdehyde (aliphatic),-384.9932556152344,19.007001566656733,ani2x_gasteiger,True,54.59983539689969
104,163,102492303,C#CCCC(=O)C=O,AANFDABGIIHRSD-UHFFFAOYSA-N,2-oxohex-5-ynal,110.11199999999998,0.1677999999999999,34.14,0,2,3,0,2,1,2,2,0,0,0.2945713666721594,Dialdehyde (aliphatic),-382.4983825683594,19.043020865316468,ani2x_gasteiger,True,54.44747272512451
105,76,184830,CCC(C)C(=O)C=O,BJDVEYLUFYKDIQ-UHFFFAOYSA-N,3-methyl-2-oxopentanal,114.14399999999998,0.8005,34.14,0,2,3,0,2,1,2,2,0,0,0.4014537786885869,Dialdehyde (aliphatic),-384.9918518066406,19.146825380348442,ani2x_gasteiger,True,54.00837663383167
106,119,145802,O=CC(=O)C1CC1,PHGZFKPNFFEOIR-UHFFFAOYSA-N,2-cyclopropyl-2-oxoacetaldehyde,98.10099999999998,0.1644,34.14,0,2,2,1,2,1,2,2,0,0,0.3640269868397684,Dialdehyde (cyclic),-344.4501953125,19.161760690224817,ani2x_gasteiger,True,53.94519984246626
107,166,11603089,O=CC#CC=O,AZEBXWRLBFPUTO-UHFFFAOYSA-N,but-2-ynedial,82.05799999999998,-0.6124,34.14,0,2,0,0,2,0,2,2,0,0,0.2882854726214662,Dialdehyde (aliphatic),-303.8775939941406,19.27434001815489,ani2x_gasteiger,True,53.46898603963463
108,107,349972,CC(C)(C)C(=O)C=O,ASONUAQLGIPYMA-UHFFFAOYSA-N,"3,3-dimethyl-2-oxobutanal",114.14399999999998,0.8005,34.14,0,2,1,0,2,1,2,2,0,0,0.3729902867981066,Dialdehyde (aliphatic),-384.9943542480469,19.28625239725829,ani2x_gasteiger,True,53.418596332590674
109,155,10464312,O=CC#CC#CC=O,GIVKRPNKHHQQNH-UHFFFAOYSA-N,"hexa-2,4-diynedial",106.07999999999996,-0.6090000000000002,34.14,0,2,0,0,2,0,2,2,0,0,0.304747052485727,Dialdehyde (aliphatic),-380.0053405761719,19.327691848528346,ani2x_gasteiger,True,53.243306259009614
110,128,20591840,O=CC(=O)CC(=O)C=O,KUJUZIXUQKRHJJ-UHFFFAOYSA-N,"2,4-dioxopentanedial",128.083,-1.0875,68.28,0,4,4,0,4,2,4,4,0,0,0.2739128497560518,Dialdehyde (aliphatic),-493.6555480957031,19.409890911049775,ani2x_gasteiger,True,52.89560185472646
111,4,2778488,CC(=O)CC(=O)C(F)F,XUGVULWHXORSOM-UHFFFAOYSA-N,"1,1-difluoropentane-2,4-dione",136.09699999999998,0.7997000000000001,34.14,0,2,3,0,2,4,2,2,2,0,0.5375245853770366,Fluoro-dialdehyde,-544.1295166015625,17.124998327204725,ani2x_gasteiger,True,52.56076335835958
112,182,20441111,O=CC(=O)P,ITZZANDAXWMXPW-UHFFFAOYSA-N,2-oxo-2-phosphanylacetaldehyde,90.018,-0.4130000000000001,34.14,0,2,1,0,2,0,2,2,0,0,0.248896226535131,Dialdehyde (aliphatic),,19.93962572424639,gasteiger,True,50.65480832253062
113,165,134861881,O=CCCCC=[OH+],SXRSQZLOMIGNAQ-UHFFFAOYSA-O,5-oxopentylideneoxidanium,101.125,0.5303,38.47,0,1,4,0,2,2,2,2,0,2,0.2889740083308861,Dialdehyde (aliphatic),-346.24774169921875,20.043602186184643,ani2x_gasteiger,True,50.214984890866965
114,173,178270791,O=CCCC=[OH+],PCSMJKASWLYICJ-UHFFFAOYSA-O,4-oxobutylideneoxidanium,87.09799999999998,0.1402,38.47,0,1,3,0,2,2,2,2,0,2,0.2739090314996322,Dialdehyde (aliphatic),-306.95062255859375,20.096137751705335,ani2x_gasteiger,True,49.99275793410223
115,141,11412356,CC(=O)C#CC(C)=O,RNSUHNFHYWLYBN-UHFFFAOYSA-N,"hex-3-yne-2,5-dione",110.11199999999998,0.1677999999999998,34.14,0,2,0,0,2,2,2,2,0,0,0.3287495471398463,Dialdehyde (aliphatic),-382.5145263671875,20.23297086260753,ani2x_gasteiger,True,49.41394993005649
116,101,58114481,O=CC(=O)CCF,UFXHWOQVEZUFIN-UHFFFAOYSA-N,4-fluoro-2-oxobutanal,104.07999999999996,0.1139999999999999,34.14,0,2,3,0,2,1,2,2,1,0,0.3759940614485898,Fluoro-dialdehyde,-405.5901184082031,19.129051843587934,ani2x_gasteiger,True,49.0835592067437
117,167,67259533,O=C1CC1=O,MPGMMGPFTLLOGN-UHFFFAOYSA-N,"cyclopropane-1,2-dione",70.047,-0.4717,34.14,0,2,0,1,2,2,2,2,0,0,0.2849495442442598,Dialdehyde (cyclic),-265.8221740722656,20.621490486815063,ani2x_gasteiger,True,47.77050071855024
118,47,439963,O=CCCCC(=O)O,VBKPPDYGFUZOAJ-UHFFFAOYSA-N,5-oxopentanoic acid,116.116,0.4402,54.370000000000005,1,2,4,0,2,2,2,2,0,1,0.4279874042137406,Dialdehyde (aliphatic),-420.91943359375,21.1179644656398,ani2x_gasteiger,True,45.6704014746648
119,9,1112,O=CCCC(=O)O,UIUJIQZEACWQSV-UHFFFAOYSA-N,4-oxobutanoic acid,102.08899999999998,0.0500999999999999,54.37,1,2,3,0,2,2,2,2,0,1,0.5120392189958191,Dialdehyde (aliphatic),-381.6189880371094,21.16744612154236,ani2x_gasteiger,True,45.461092643629684
120,150,554053,COC(=O)CCCC=O,YBTZROCKNUIONO-UHFFFAOYSA-N,methyl 5-oxopentanoate,130.143,0.5286,43.370000000000005,0,3,4,0,2,2,2,2,0,1,0.3164795483713807,Dialdehyde (aliphatic),-460.217529296875,21.226078625924398,ani2x_gasteiger,True,45.21307545970532
121,142,11137279,CCOC(=O)CCCC=O,WUPBOSISFPJABC-UHFFFAOYSA-N,ethyl 5-oxopentanoate,144.17,0.9187,43.370000000000005,0,3,5,0,2,2,2,2,0,1,0.327131207228983,Dialdehyde (aliphatic),-499.5245056152344,21.239357965594262,ani2x_gasteiger,True,45.15690347005544
122,90,83779,COC(=O)CCC=O,DLZVZNAPRCRXEG-UHFFFAOYSA-N,methyl 4-oxobutanoate,116.116,0.1384999999999998,43.370000000000005,0,3,3,0,2,2,2,2,0,1,0.3887867206920583,Dialdehyde (aliphatic),-420.9123840332031,21.275564143847774,ani2x_gasteiger,True,45.0037502922108
123,99,20531819,O=CC(=O)SCl,NTYJSEDFYWLCCL-UHFFFAOYSA-N,S-chloro 2-oxoethanethioate,124.548,0.5988999999999999,34.14,0,3,1,0,2,0,2,2,0,0,0.3792905981389242,Dialdehyde (aliphatic),-1085.4947509765625,23.205492836094663,ani2x_gasteiger,True,45.0
124,191,162393511,[OH+]=CC=[OH+],LEQAOMBKQFMDFZ-UHFFFAOYSA-P,2-oxoniumylideneethylideneoxidanium,60.05200000000001,-0.6641999999999999,42.8,0,0,1,0,2,0,2,2,0,0,0.2188119765984285,Dialdehyde (aliphatic),-228.94630432128906,39.9021885894613,ani2x_gasteiger,True,45.0
125,175,19827565,O=CC(=O)S,GFAOUTQICBDAHN-UHFFFAOYSA-N,2-oxoethanethioic S-acid,90.103,-0.3583000000000001,34.14,1,2,1,0,2,0,2,2,0,0,0.2708939178798124,Dialdehyde (aliphatic),-625.9462280273438,22.215106986903915,ani2x_gasteiger,True,45.0
126,184,134850102,O=C1C=[O+]C1,HYAXWTBXAFPFGU-UHFFFAOYSA-N,oxet-1-ium-3-one,71.055,-0.6963000000000001,28.37,0,1,0,1,2,1,2,2,0,0,0.2107825840138828,Dialdehyde (cyclic),-266.4093933105469,35.291665793904215,ani2x_gasteiger,True,45.0
127,187,91298647,C#CC(=O)C=O,SESSCQLBWANGMZ-UHFFFAOYSA-N,2-oxobut-3-ynal,82.05799999999999,-0.6124,34.14,0,2,1,0,2,0,2,2,0,0,0.182841335865969,Dialdehyde (aliphatic),-303.8787536621094,23.29678646717058,ani2x_gasteiger,True,45.0
128,180,129693563,O=CC(=O)C(=O)S,MMUWUIVTXFEPEH-UHFFFAOYSA-N,"2,3-dioxopropanethioic S-acid",118.113,-0.7892000000000001,51.21,1,3,2,0,3,0,3,3,0,0,0.2236048593379994,Dialdehyde (aliphatic),-739.2277221679688,24.156822137904488,ani2x_gasteiger,True,45.0
129,169,10339,O=CC(=O)C=O,ICQNCHSXWNQIHC-UHFFFAOYSA-N,2-oxopropanedial,86.04599999999999,-1.0467000000000002,51.21,0,3,2,0,3,0,3,3,0,0,0.2446519432687936,Dialdehyde (aliphatic),-341.0433044433594,21.438307670818713,ani2x_gasteiger,True,45.0
130,129,54041244,O=CC(=O)OCl,VBZNVGMIWAGXNM-UHFFFAOYSA-N,chloro 2-oxoacetate,108.48,-0.1177000000000001,43.370000000000005,0,3,1,0,2,0,2,2,0,0,0.3475454657893769,Dialdehyde (aliphatic),-762.4454345703125,30.87188825765174,ani2x_gasteiger,True,45.0
131,181,51035424,OC(C=[OH+])C=[OH+],NVXLIZQNSVLKPO-UHFFFAOYSA-P,(2-hydroxy-3-oxoniumylidenepropylidene)oxidanium,90.078,-1.3033,63.03,1,1,2,0,2,2,2,2,0,0,0.2553824364449828,Dialdehyde (aliphatic),-343.3891296386719,32.287282944565796,ani2x_gasteiger,True,45.0
132,56,23018346,CCC(=O)C(=O)S,KIZNNYSYHSZKQC-UHFFFAOYSA-N,2-oxobutanethioic S-acid,118.157,0.4219,34.14,1,2,2,0,2,1,2,2,0,0,0.4209657556391779,Dialdehyde (aliphatic),-704.5633544921875,22.993550172755857,ani2x_gasteiger,True,45.0
133,32,15560738,CSC(=O)C(C)=O,NHCKWOHEDYQDHP-UHFFFAOYSA-N,S-methyl 2-oxopropanethioate,118.15699999999998,0.4649999999999999,34.14,0,3,1,0,2,1,2,2,0,0,0.4690870076183278,Dialdehyde (aliphatic),-704.5679931640625,22.9899518081506,ani2x_gasteiger,True,45.0
134,103,18364271,CC(=O)C(=O)S,UHTFUJYSNZPDEN-UHFFFAOYSA-N,2-oxopropanethioic S-acid,104.12999999999998,0.0317999999999999,34.14,1,2,1,0,2,1,2,2,0,0,0.3759812556973594,Dialdehyde (aliphatic),-665.2666625976562,22.839626749638906,ani2x_gasteiger,True,45.0
135,51,174728040,CC(F)(F)CC(=O)C=O,QTZMTCTZPLJWQA-UHFFFAOYSA-N,"4,4-difluoro-2-oxopentanal",136.09699999999998,0.7997000000000001,34.14,0,2,3,0,2,1,2,2,2,0,0.424444093331381,Fluoro-dialdehyde,-544.132568359375,19.304712157281923,ani2x_gasteiger,True,43.340511015491664
136,130,196091,O=CC(=O)CF,IOVSXLWBCYTLNG-UHFFFAOYSA-N,3-fluoro-2-oxopropanal,90.05300000000001,-0.2761000000000001,34.14,0,2,2,0,2,1,2,2,1,0,0.3450426035369107,Fluoro-dialdehyde,-366.2773742675781,20.678341805295,ani2x_gasteiger,True,42.530018002343766
137,113,21197420,O=CC(F)(F)C=O,ZLQCRORFLSOUFF-UHFFFAOYSA-N,"2,2-difluoropropanedial",108.043,0.0195,34.14,0,2,2,0,2,2,2,2,2,0,0.3688011591977829,Fluoro-dialdehyde,-465.4927673339844,19.613744521419786,ani2x_gasteiger,True,42.03329520571574
138,115,151611698,CC(F)C(=O)C=O,QMQDDGMUFCFMBO-UHFFFAOYSA-N,3-fluoro-2-oxobutanal,104.08,0.1123999999999999,34.14,0,2,2,0,2,1,2,2,1,0,0.3678421946698121,Fluoro-dialdehyde,-405.5897216796875,20.833313024139233,ani2x_gasteiger,True,41.87448527877746
139,80,88107893,CCC(F)C(=O)C=O,NCLOEROZTIHFTH-UHFFFAOYSA-N,3-fluoro-2-oxopentanal,118.107,0.5025000000000001,34.14,0,2,3,0,2,1,2,2,1,0,0.399207155441389,Fluoro-dialdehyde,-444.8929748535156,20.84784625866455,ani2x_gasteiger,True,41.81300927773894
140,52,6956,NC(=O)c1ccccc1C(N)=O,NAYYNDKKHOIIOD-UHFFFAOYSA-N,"benzene-1,2-dicarboxamide",164.164,-0.1156,86.18,2,2,2,1,2,0,2,2,0,0,0.6381913843399303,Dialdehyde (cyclic),-569.5084838867188,24.900998876562987,ani2x_gasteiger,True,40.5
141,188,90915481,O=CC(=O)C(=O)PCP,ACOWAOALLRYECL-UHFFFAOYSA-N,"2,3-dioxo-3-(phosphanylmethylphosphanyl)propanal",164.03699999999998,-0.2079000000000002,51.21,0,3,4,0,3,0,3,3,0,0,0.2498238521329955,Dialdehyde (aliphatic),,22.741798751358566,gasteiger,True,40.5
142,190,57243283,O=CC(=O)C[P+](O)(O)O,GQWWQNZOZXWWBI-UHFFFAOYSA-N,"2,3-dioxopropyl(trihydroxy)phosphanium",153.05,-1.5061000000000002,94.83,3,5,3,0,2,1,2,2,0,0,0.2601539798732418,Dialdehyde (aliphatic),,21.466818607342656,gasteiger,True,40.5
143,139,11915,O=C(O)C(=O)c1ccccc1,FAQJJMHZNSSFSM-UHFFFAOYSA-N,2-oxo-2-phenylacetic acid,150.13299999999998,0.9539,54.370000000000005,1,2,2,1,2,0,2,2,0,0,0.5041162995989998,Dialdehyde (cyclic),-533.9984741210938,32.315917267493624,ani2x_gasteiger,True,40.5
144,38,997,O=C(O)C(=O)Cc1ccccc1,BTNMPGBKDVTSJY-UHFFFAOYSA-N,2-oxo-3-phenylpropanoic acid,164.15999999999997,0.8828,54.370000000000005,1,2,3,1,2,1,2,2,0,0,0.6745421484364059,Dialdehyde (cyclic),-573.2974853515625,30.78588924732842,ani2x_gasteiger,True,40.5
145,143,144339392,O=CC(=O)OF,SVHCMSCASFSLDG-UHFFFAOYSA-N,fluoro 2-oxoacetate,92.025,-0.3870000000000001,43.370000000000005,0,3,1,0,2,0,2,2,1,0,0.3265982316228993,Fluoro-dialdehyde,-402.0770263671875,32.08735702463832,ani2x_gasteiger,True,40.0
146,117,134344729,O=CCC(=O)OF,FUOQFWJXQNIVFG-UHFFFAOYSA-N,fluoro 3-oxopropanoate,106.052,0.0030999999999999,43.370000000000005,0,3,2,0,2,2,2,2,1,1,0.3673696684919029,Fluoro-dialdehyde,-441.3880920410156,24.305978937985167,ani2x_gasteiger,True,40.0
147,88,54127989,CC(=O)C(F)(F)C=O,NSIFGFWJJQVOBE-UHFFFAOYSA-N,"2,2-difluoro-3-oxobutanal",122.07,0.4095999999999999,34.14,0,2,2,0,2,3,2,2,2,0,0.39233248631193,Fluoro-dialdehyde,-504.81292724609375,20.110111257910194,ani2x_gasteiger,True,39.933649599996336
148,8,12666451,CC(=O)C(F)(F)C(C)=O,XVYFWBWYEAQLJC-UHFFFAOYSA-N,"3,3-difluoropentane-2,4-dione",136.09699999999998,0.7997,34.14,0,2,2,0,2,4,2,2,2,0,0.5259322443206755,Fluoro-dialdehyde,-544.1325073242188,20.606434340225434,ani2x_gasteiger,True,37.83418865269647
149,59,121318252,O=CC(=O)C(F)CCF,XGCFJMRGJBWJRI-UHFFFAOYSA-N,"3,5-difluoro-2-oxopentanal",136.09699999999998,0.4521,34.14,0,2,4,0,2,1,2,2,2,0,0.4150831809721078,Fluoro-dialdehyde,-544.0988159179688,20.853662095317137,ani2x_gasteiger,True,36.78840812102662
150,50,88107593,CCC(F)(F)C(=O)C=O,YORVNBROCXVDLZ-UHFFFAOYSA-N,"3,3-difluoro-2-oxopentanal",136.09699999999998,0.7997000000000001,34.14,0,2,3,0,2,1,2,2,2,0,0.424444093331381,Fluoro-dialdehyde,-544.1211547851562,22.763559603310394,ani2x_gasteiger,True,35.0
151,114,154514858,O=CC(=O)C(F)F,LFQGGLARHKGBKC-UHFFFAOYSA-N,"3,3-difluoro-2-oxopropanal",108.043,0.0194999999999998,34.14,0,2,2,0,2,1,2,2,2,0,0.3688011591977828,Fluoro-dialdehyde,-465.49566650390625,22.596612077571056,ani2x_gasteiger,True,35.0
152,105,2779024,O=CC(=O)C(F)(F)F,CNQOORHYEKAWRC-UHFFFAOYSA-N,"3,3,3-trifluoro-2-oxopropanal",126.03300000000002,0.3166999999999998,34.14,0,2,1,0,2,1,2,2,3,0,0.3741066845926024,Fluoro-dialdehyde,-564.7280883789062,24.652856703435322,ani2x_gasteiger,True,30.0
153,164,18991945,O=CC(F)(F)C(F)(F)C=O,GUQZKIJKYQFRNH-UHFFFAOYSA-N,"2,2,3,3-tetrafluorobutanedial",158.04999999999998,0.6548,34.14,0,2,3,0,2,2,2,2,4,0,0.4460946242598448,Fluoro-dialdehyde,-703.2322387695312,19.55117443905032,ani2x_gasteiger,True,27.79796845804816
154,171,87816186,O=CC(=O)C(F)C(F)CF,ITPHKXUVAWBZSW-UHFFFAOYSA-N,"3,4,5-trifluoro-2-oxopentanal",154.08699999999996,0.4001000000000001,34.14,0,2,4,0,2,1,2,2,3,0,0.4335145705722417,Fluoro-dialdehyde,-643.3073120117188,21.012820256101826,ani2x_gasteiger,True,26.615164512341714
